{
  "mmd": 0.0003997137898239522,
  "sliced_wasserstein": 0.08072132512092309,
  "chamfer": 0.09655170165344615,
  "kde_nll": 3.71838674499431,
  "gmm_nll": 3.102956272060239,
  "mode_coverage": 1.0,
  "train_time_sec": 5.691425699995307,
  "sample_time_sec": 0.0663455999965663,
  "contamination_ratio": 0.0,
  "contamination_kind": "uniform",
  "sampler": "ddpm",
  "sampling_steps": 80
}