{
  "mmd": 0.0012316784957464577,
  "sliced_wasserstein": 0.10763375073605361,
  "chamfer": 0.046069980630395885,
  "kde_nll": 4.531570522584752,
  "gmm_nll": 2.451178576574687,
  "mode_coverage": 1.0,
  "train_time_sec": 5.6469881999946665,
  "sample_time_sec": 0.055416900002455804,
  "contamination_ratio": 0.0,
  "contamination_kind": "uniform",
  "sampler": "ddpm",
  "sampling_steps": 80
}