{
  "mmd": 0.006590852940122849,
  "sliced_wasserstein": 0.14837857430720613,
  "chamfer": 0.04900417141416914,
  "kde_nll": 3.7472238735348857,
  "gmm_nll": 2.3165051160006707,
  "mode_coverage": 1.0,
  "train_time_sec": 5.386177799999132,
  "sample_time_sec": 0.044323699999949895,
  "contamination_ratio": 0.0,
  "contamination_kind": "uniform",
  "sampler": "ddpm",
  "sampling_steps": 80
}