{
  "mmd": 0.0017286696772595977,
  "sliced_wasserstein": 0.1413697677519517,
  "mode_coverage": 1.0,
  "train_time_sec": 4.176235700004327,
  "sample_time_sec": 0.04071210000256542,
  "contamination_ratio": 0.0
}