{
  "mmd": 0.000778171504283387,
  "sliced_wasserstein": 0.0831453301016997,
  "chamfer": 0.10742509087619787,
  "kde_nll": 3.6923908610753444,
  "gmm_nll": 3.0866553755446158,
  "mode_coverage": 1.0,
  "train_time_sec": 0.45662029100003565,
  "sample_time_sec": 0.024138149000464182,
  "contamination_ratio": 0.0,
  "contamination_kind": "uniform"
}