{
  "mmd": 0.0014795415844883752,
  "sliced_wasserstein": 0.17323961960052298,
  "mode_coverage": 1.0,
  "train_time_sec": 3.5826230000020587,
  "sample_time_sec": 0.0011528000031830743,
  "contamination_ratio": 0.0
}