{
  "mmd": 0.0018772682268071161,
  "sliced_wasserstein": 0.11773393035961041,
  "mode_coverage": 1.0,
  "train_time_sec": 3.1982773000054294,
  "sample_time_sec": 0.00035900000511901453,
  "contamination_ratio": 0.0
}