{
  "mmd": 0.0018285171972229897,
  "sliced_wasserstein": 0.08751837513676625,
  "chamfer": 0.08892563735693773,
  "kde_nll": 3.680339416790737,
  "gmm_nll": 3.074107604697615,
  "mode_coverage": 1.0,
  "train_time_sec": 5.159642899998289,
  "sample_time_sec": 0.0004288000054657459,
  "contamination_ratio": 0.0,
  "contamination_kind": "uniform"
}