{
  "mmd": 0.0011993413308775125,
  "sliced_wasserstein": 0.09827918233960585,
  "chamfer": 0.07396250901957578,
  "kde_nll": 4.479378714219873,
  "gmm_nll": 2.667365384707778,
  "mode_coverage": 1.0,
  "train_time_sec": 4.593924499997229,
  "sample_time_sec": 0.0009662999946158379,
  "contamination_ratio": 0.0,
  "contamination_kind": "uniform"
}