{
  "mmd": 0.001579867484409192,
  "sliced_wasserstein": 0.13851418932420678,
  "chamfer": 0.10817768250360255,
  "kde_nll": 4.845717545843545,
  "gmm_nll": 2.835530771825724,
  "mode_coverage": 1.0,
  "train_time_sec": 4.959036899999774,
  "sample_time_sec": 0.0013984000033815391,
  "contamination_ratio": 0.0,
  "contamination_kind": "uniform"
}