{
  "mmd": 0.004124542243939544,
  "sliced_wasserstein": 0.1029010967921825,
  "chamfer": 0.04972637301052428,
  "kde_nll": 3.7042896872681452,
  "gmm_nll": 2.270716438862679,
  "mode_coverage": 1.0,
  "train_time_sec": 2.731999880999865,
  "sample_time_sec": 0.013899526000386686,
  "contamination_ratio": 0.0,
  "contamination_kind": "uniform",
  "sampler": "ddpm",
  "sampling_steps": 80
}