{
  "mmd": 0.0001340324052112596,
  "sliced_wasserstein": 0.07101491957849435,
  "chamfer": 0.03885479199011267,
  "kde_nll": 4.876518959806036,
  "gmm_nll": 2.1750500544502045,
  "mode_coverage": 1.0,
  "train_time_sec": 2.9118988919999538,
  "sample_time_sec": 0.025543089999700896,
  "contamination_ratio": 0.0,
  "contamination_kind": "uniform",
  "sampler": "ddpm",
  "sampling_steps": 80
}