{
  "model": "diffusion",
  "dataset": "ring",
  "seed": 42,
  "mmd": 0.0012316779705003889,
  "sliced_wasserstein": 0.10763372647862873,
  "chamfer": 0.04606998382725104,
  "kde_nll": 4.5315705221755636,
  "gmm_nll": 2.451178525180872,
  "mode_coverage": 1.0,
  "train_time_sec": 2.385809414000505,
  "sample_time_sec": 0.014283425999565225,
  "contamination_ratio": 0.0,
  "contamination_kind": "uniform",
  "sampler": "ddpm",
  "sampling_steps": 80
}