{
  "mmd": 0.0003654598323103997,
  "sliced_wasserstein": 0.10907821662920887,
  "chamfer": 0.07491369638504555,
  "kde_nll": 4.86388239660231,
  "gmm_nll": 2.4818510877835505,
  "mode_coverage": 1.0,
  "train_time_sec": 17.997536467000828,
  "sample_time_sec": 0.0019384179995540762,
  "contamination_ratio": 0.0,
  "contamination_kind": "uniform"
}