{
  "mmd": 0.0002804335212023279,
  "sliced_wasserstein": 0.0780923694626955,
  "chamfer": 0.05890049996696112,
  "kde_nll": 4.871543789921111,
  "gmm_nll": 2.29251494443472,
  "mode_coverage": 1.0,
  "train_time_sec": 18.39822652699968,
  "sample_time_sec": 0.0019821790001515183,
  "contamination_ratio": 0.0,
  "contamination_kind": "uniform"
}