{
  "mmd": 0.00031395403543688083,
  "sliced_wasserstein": 0.052320812827800045,
  "chamfer": 0.043965704631643975,
  "kde_nll": 4.54570865367588,
  "gmm_nll": 2.425287902411836,
  "mode_coverage": 1.0,
  "train_time_sec": 18.535114457999953,
  "sample_time_sec": 0.001961220999874058,
  "contamination_ratio": 0.0,
  "contamination_kind": "uniform"
}