{
  "mmd": 0.0006597018042691083,
  "sliced_wasserstein": 0.05864973061774042,
  "chamfer": 0.04599175527266928,
  "kde_nll": 3.810289921472704,
  "gmm_nll": 2.219579457178257,
  "mode_coverage": 1.0,
  "train_time_sec": 18.259878820999802,
  "sample_time_sec": 0.0019843999998556683,
  "contamination_ratio": 0.0,
  "contamination_kind": "uniform"
}