{
  "mmd": 0.00012688306974406593,
  "sliced_wasserstein": 0.03936559216691278,
  "chamfer": 0.044126653486861935,
  "kde_nll": 4.546023481632415,
  "gmm_nll": 2.4052631831457383,
  "mode_coverage": 1.0,
  "train_time_sec": 18.657626930999868,
  "sample_time_sec": 0.001918982999995933,
  "contamination_ratio": 0.0,
  "contamination_kind": "uniform"
}