{
  "mmd": 0.0006788786839926342,
  "sliced_wasserstein": 0.11355830709656016,
  "chamfer": 0.08137355990504139,
  "kde_nll": 4.873032234583334,
  "gmm_nll": 2.523145950062927,
  "mode_coverage": 1.0,
  "train_time_sec": 19.031724706000205,
  "sample_time_sec": 0.0020488050004132674,
  "contamination_ratio": 0.0,
  "contamination_kind": "uniform"
}