{
  "mmd": 3.222258751978124e-05,
  "sliced_wasserstein": 0.026017394765109766,
  "chamfer": 0.043358346977674045,
  "kde_nll": 3.781589662606944,
  "gmm_nll": 2.2153544052114023,
  "mode_coverage": 1.0,
  "train_time_sec": 19.03320108800017,
  "sample_time_sec": 0.0020435799997358117,
  "contamination_ratio": 0.0,
  "contamination_kind": "uniform"
}