{
  "mmd": 0.0002388042854108985,
  "sliced_wasserstein": 0.039705168440252125,
  "chamfer": 0.045457880033328506,
  "kde_nll": 3.7926262080388455,
  "gmm_nll": 2.251123662762735,
  "mode_coverage": 1.0,
  "train_time_sec": 18.678307607000534,
  "sample_time_sec": 0.0020137880001129815,
  "contamination_ratio": 0.0,
  "contamination_kind": "uniform"
}