{
  "mmd": 0.00010970344347116523,
  "sliced_wasserstein": 0.09935394721726754,
  "chamfer": 0.08523147831423813,
  "kde_nll": 4.878007149627259,
  "gmm_nll": 2.504190867453547,
  "mode_coverage": 1.0,
  "train_time_sec": 18.56109062899941,
  "sample_time_sec": 0.00478499600012583,
  "contamination_ratio": 0.0,
  "contamination_kind": "uniform"
}