{
  "mmd": 0.0005007670235821493,
  "sliced_wasserstein": 0.058135693140352745,
  "chamfer": 0.08176857046340999,
  "kde_nll": 3.7472911234941235,
  "gmm_nll": 3.050472018061242,
  "mode_coverage": 1.0,
  "train_time_sec": 18.67733326600046,
  "sample_time_sec": 0.0020450410002013086,
  "contamination_ratio": 0.0,
  "contamination_kind": "uniform"
}