{
  "mmd": 0.0009501223973760187,
  "sliced_wasserstein": 0.07758458313068758,
  "chamfer": 0.07328055457098584,
  "kde_nll": 3.7484826664409554,
  "gmm_nll": 3.2324856810732805,
  "mode_coverage": 1.0,
  "train_time_sec": 2.13266700999975,
  "sample_time_sec": 0.00019530000008671777,
  "contamination_ratio": 0.0,
  "contamination_kind": "uniform"
}