{
  "mmd": 0.0016502585057789343,
  "sliced_wasserstein": 0.09402666361827736,
  "chamfer": 0.07540957983388741,
  "kde_nll": 3.7378838765892586,
  "gmm_nll": 2.9230688422472326,
  "mode_coverage": 1.0,
  "train_time_sec": 2.0989617389996056,
  "sample_time_sec": 0.00019282600078440737,
  "contamination_ratio": 0.0,
  "contamination_kind": "uniform"
}