{
  "model": "vae",
  "dataset": "spiral",
  "seed": 123,
  "mmd": 0.0013805080128332925,
  "sliced_wasserstein": 0.08064047964595003,
  "chamfer": 0.08553317847993598,
  "kde_nll": 3.6667360717508473,
  "gmm_nll": 3.077049477313862,
  "mode_coverage": 1.0,
  "train_time_sec": 2.501941689999512,
  "sample_time_sec": 0.00019637199966382468,
  "contamination_ratio": 0.0,
  "contamination_kind": "uniform"
}