{
  "mmd": 0.001154879221788807,
  "sliced_wasserstein": 0.13825697555245217,
  "chamfer": 0.0969845694714378,
  "kde_nll": 4.844475642032616,
  "gmm_nll": 2.7130100176214227,
  "mode_coverage": 1.0,
  "train_time_sec": 2.4027608110000074,
  "sample_time_sec": 0.00018222500057163415,
  "contamination_ratio": 0.0,
  "contamination_kind": "uniform"
}