{
  "model": "vae",
  "dataset": "ring",
  "seed": 123,
  "mmd": 0.0014466148805560852,
  "sliced_wasserstein": 0.10352990676678209,
  "chamfer": 0.07297231385987829,
  "kde_nll": 4.489510213966894,
  "gmm_nll": 2.6261097638253412,
  "mode_coverage": 1.0,
  "train_time_sec": 2.206518240999685,
  "sample_time_sec": 0.00022400999932870036,
  "contamination_ratio": 0.0,
  "contamination_kind": "uniform"
}