{
  "mmd": 0.013309000410425043,
  "sliced_wasserstein": 0.2316215524238031,
  "mode_coverage": 1.0,
  "train_time_sec": 0.9919477999937953,
  "sample_time_sec": 0.009479500004090369
}