{
  "mmd": 0.0070951935832921365,
  "sliced_wasserstein": 0.18337042540035284,
  "mode_coverage": 1.0,
  "train_time_sec": 0.9416799999889918,
  "sample_time_sec": 0.0003360999980941415
}