mmd,sliced_wasserstein,chamfer,kde_nll,mode_coverage,dataset,model,train_time_sec,sample_time_sec,sampler,sampling_steps
0.001891587858775301,0.1628999116138326,0.05807688502994833,4.808481860785991,1.0,gaussian_mixture,conditional_diffusion,16.42550659999688,0.01310889999876963,ddim,20
0.001058634795825908,0.09145032407530704,0.05215118096332126,4.507184164294467,1.0,ring,conditional_diffusion,16.42550659999688,0.0152209000007133,ddim,20
0.012224331327860938,0.19266661103158933,0.04830222625260321,3.7012200445738537,1.0,two_moons,conditional_diffusion,16.42550659999688,0.01380819999758387,ddim,20
0.002209675588239257,0.09356107931912319,0.08567687056812398,3.6757934100184686,1.0,spiral,conditional_diffusion,16.42550659999688,0.013978100003441796,ddim,20
