model,mmd,sliced_wasserstein,chamfer,kde_nll,mode_coverage,train_time_sec,sample_time_sec
conditional_diffusion,0.004346057392675325,0.135144481509963,0.06105179070349915,4.173169869918195,1.0,16.42550659999688,0.0140290250001271
cvae,0.00221676745103705,0.12047161643794015,0.08080902200730555,4.190019745679859,1.0,18.65783779999765,0.001041725001414225
