mmd,sliced_wasserstein,chamfer,kde_nll,mode_coverage,dataset,model,train_time_sec,sample_time_sec,sampler,sampling_steps
0.0012683347522779,0.1370888738064488,0.0867343086086101,4.854435770882417,1.0,gaussian_mixture,cvae,18.65783779999765,0.0016657000014674,,
0.0020344560186045,0.12393371234075,0.0785387223428902,4.488338568976939,1.0,ring,cvae,18.65783779999765,0.0007005000006756,,
0.0024203761661054,0.0940987074961713,0.0666230216830371,3.705970830669604,1.0,two_moons,cvae,18.65783779999765,0.0008686000001034,,
0.0031439028671604,0.1267651721083905,0.0913400353946848,3.711333812190476,1.0,spiral,cvae,18.65783779999765,0.0009321000034105,,
0.0018915878587753,0.1628999116138326,0.0580768850299483,4.808481860785991,1.0,gaussian_mixture,conditional_diffusion,16.42550659999688,0.0131088999987696,ddim,20.0
0.0010586347958259,0.091450324075307,0.0521511809633212,4.507184164294467,1.0,ring,conditional_diffusion,16.42550659999688,0.0152209000007133,ddim,20.0
0.0122243313278609,0.1926666110315893,0.0483022262526032,3.7012200445738537,1.0,two_moons,conditional_diffusion,16.42550659999688,0.0138081999975838,ddim,20.0
0.0022096755882392,0.0935610793191231,0.0856768705681239,3.6757934100184686,1.0,spiral,conditional_diffusion,16.42550659999688,0.0139781000034417,ddim,20.0
