{
  "model": "conditional_diffusion",
  "mmd": 0.004051615446458989,
  "sliced_wasserstein": 0.13293642931083127,
  "chamfer": 0.06104514109003925,
  "kde_nll": 4.178623207712636,
  "gmm_nll": 2.6606370433583706,
  "mode_coverage": 1.0
}