{
  "model": "cvae",
  "mmd": 0.0015662708247098367,
  "sliced_wasserstein": 0.10332748753081844,
  "chamfer": 0.08253605398514327,
  "kde_nll": 4.193603509835109,
  "gmm_nll": 2.818410310171746,
  "mode_coverage": 1.0
}