mmd,sliced_wasserstein,chamfer,kde_nll,mode_coverage,dataset,model,train_time_sec,sample_time_sec
0.0012683347522779442,0.13708887380644885,0.08673430860861014,4.854435770882417,1.0,gaussian_mixture,cvae,18.65783779999765,0.001665700001467485
0.0020344560186045246,0.12393371234075004,0.07853872234289028,4.488338568976939,1.0,ring,cvae,18.65783779999765,0.0007005000006756745
0.0024203761661054646,0.09409870749617139,0.06662302168303713,3.705970830669604,1.0,two_moons,cvae,18.65783779999765,0.0008686000001034699
0.0031439028671604863,0.12676517210839053,0.0913400353946848,3.7113338121904755,1.0,spiral,cvae,18.65783779999765,0.0009321000034105964
