{
  "mmd": 0.002216767451037105,
  "sliced_wasserstein": 0.12047161643794019,
  "mode_coverage": 1.0,
  "train_time_sec": 18.65783779999765,
  "sample_time_sec": 0.004166900005657226
}