{
  "mmd": 0.0013363236762191644,
  "sliced_wasserstein": 0.13994753871073012,
  "chamfer": 0.039642722021259416,
  "kde_nll": 4.872778457712091,
  "mode_coverage": 1.0,
  "train_time_sec": 5.666757400002098,
  "sample_time_sec": 0.06562089999351883,
  "contamination_ratio": 0.0,
  "contamination_kind": "uniform",
  "sampler": "ddpm",
  "sampling_steps": 80
}