{
  "mmd": 0.0010677709189577111,
  "sliced_wasserstein": 0.07557833586662577,
  "mode_coverage": 1.0,
  "train_time_sec": 2.9324465000026976,
  "sample_time_sec": 0.03236099999776343,
  "contamination_ratio": 0.0
}