{
  "mmd": 0.002815536175192257,
  "sliced_wasserstein": 0.11230747556747722,
  "chamfer": 0.09338647779395924,
  "kde_nll": 3.652762446231398,
  "mode_coverage": 1.0,
  "train_time_sec": 6.350839700004144,
  "sample_time_sec": 0.013251800002763048,
  "contamination_ratio": 0.0,
  "contamination_kind": "uniform",
  "sampler": "ddim",
  "sampling_steps": 20
}