model,chamfer,gmm_nll,kde_nll,mmd,mode_coverage,sampling_steps,sliced_wasserstein
conditional_diffusion,0.06294472231380552,2.702898260523963,4.182822606274835,0.0048465898783993,1.0,20.0,0.1493474353631594
cvae,0.08282631132702464,2.7781058485700902,4.189839423110049,0.001868040426288075,1.0,,0.11278269721268513
diffusion,0.05771376879183525,2.5153612123912814,4.2138236346780635,0.002761621430373075,1.0,80.0,0.1235109323981976
vae,0.08416508374327578,2.7620805210264203,4.210672120699962,0.00092614920366075,1.0,,0.09816669696306181
