model,mmd,sliced_wasserstein,chamfer,kde_nll,gmm_nll
conditional_diffusion,0.0048465898783993,0.1493474353631594,0.06294472231380552,4.182822606274835,2.702898260523963
cvae,0.001868040426288075,0.11278269721268513,0.08282631132702464,4.189839423110049,2.7781058485700902
diffusion,0.002761621430373075,0.1235109323981976,0.05771376879183525,4.2138236346780635,2.5153612123912814
vae,0.00092614920366075,0.09816669696306181,0.08416508374327578,4.210672120699962,2.7620805210264203
