chamfer,dataset,gmm_nll,kde_nll,mmd,mode_coverage,model,sampler,sampling_steps,sliced_wasserstein,split
0.0928865539624553,gaussian_mixture,2.64936045141281,4.8519938208938616,0.0006864422626975,1.0,vae,,,0.126635800897917,hidden_test
0.0410271361193973,gaussian_mixture,2.2114751119265805,4.882589272303132,0.0018113938689987,1.0,diffusion,ddpm,80.0,0.1471296429858798,hidden_test
0.0860424682306821,ring,2.655619561925605,4.496696634485481,0.0011462914263524,1.0,vae,,,0.0992563360973991,hidden_test
0.0488740794576527,ring,2.474657838356584,4.552177791758344,0.0005088896679954,1.0,diffusion,ddpm,80.0,0.0829098029132571,hidden_test
0.0667824514844846,two_moons,2.64651784676796,3.7824537735516968,0.0016387948474341,1.0,vae,,,0.0977636336981946,hidden_test
0.0468467897517282,two_moons,2.264298420660739,3.758535983780443,0.0064667096845736,1.0,diffusion,ddpm,80.0,0.1456949352877854,hidden_test
0.0909488612954811,spiral,3.096824223999306,3.711544253868807,0.000233068278159,1.0,vae,,,0.0690110171587365,hidden_test
0.0941070698385628,spiral,3.111013478621223,3.661991490870335,0.0022594924999246,1.0,diffusion,ddpm,80.0,0.1183093484058681,hidden_test
