{
  "rows": [
    {
      "dataset": "gaussian_mixture_8d",
      "model": "vae",
      "mmd": 0.004199043017236503,
      "sliced_wasserstein": 0.20678316290905208,
      "chamfer": 0.4490757381266882,
      "kde_nll": 23.09628090406153,
      "gmm_nll": -0.31507332862683485,
      "mode_coverage": 1.0,
      "train_time_sec": 5.71316079999815,
      "sample_time_sec": 0.0019819000008283183
    },
    {
      "dataset": "gaussian_mixture_8d",
      "model": "diffusion",
      "mmd": 0.001365069385470763,
      "sliced_wasserstein": 0.12953383737175667,
      "chamfer": 0.21694354417380757,
      "kde_nll": 23.594275926440577,
      "gmm_nll": -2.430742017003497,
      "mode_coverage": 1.0,
      "train_time_sec": 8.239211799998884,
      "sample_time_sec": 0.07852390000334708,
      "sampler": "ddpm",
      "sampling_steps": 80,
      "schedule_type": "cosine",
      "time_hidden_dim": 128
    },
    {
      "dataset": "spiral_8d",
      "model": "vae",
      "mmd": 0.004864337808893726,
      "sliced_wasserstein": 0.1359973343673293,
      "chamfer": 0.39827725206451825,
      "kde_nll": 19.020124959612765,
      "gmm_nll": 0.15988930430756343,
      "mode_coverage": 1.0,
      "train_time_sec": 5.158484799998405,
      "sample_time_sec": 0.0011541999992914498
    },
    {
      "dataset": "spiral_8d",
      "model": "diffusion",
      "mmd": 0.012774603477950564,
      "sliced_wasserstein": 0.2683156106130405,
      "chamfer": 0.3390090003832774,
      "kde_nll": 20.521666108472722,
      "gmm_nll": -0.9057927363700782,
      "mode_coverage": 1.0,
      "train_time_sec": 7.277373200005968,
      "sample_time_sec": 0.06360119999590097,
      "sampler": "ddpm",
      "sampling_steps": 80,
      "schedule_type": "cosine",
      "time_hidden_dim": 128
    }
  ]
}