{
  "mmd": 0.0017843096683862747,
  "sliced_wasserstein": 0.08611632086721346,
  "chamfer": 0.08883640272561785,
  "kde_nll": 3.65696047083576,
  "mode_coverage": 1.0,
  "train_time_sec": 2.8181351000021095,
  "sample_time_sec": 0.0004990000015823171,
  "contamination_ratio": 0.0,
  "contamination_kind": "heteroscedastic"
}