{
  "mmd": 0.0012040336252847617,
  "sliced_wasserstein": 0.14696175636082315,
  "chamfer": 0.09569266386947603,
  "kde_nll": 4.850724096763614,
  "mode_coverage": 1.0,
  "train_time_sec": 6.324125599996478,
  "sample_time_sec": 0.0017191000006278045,
  "contamination_ratio": 0.0,
  "contamination_kind": "uniform"
}