{
  "mmd": 0.0017843096683862747,
  "sliced_wasserstein": 0.08611632086721346,
  "chamfer": 0.08883640272561785,
  "kde_nll": 3.65696047083576,
  "mode_coverage": 1.0,
  "train_time_sec": 3.0959141999992426,
  "sample_time_sec": 0.0007404999996651895,
  "contamination_ratio": 0.0,
  "contamination_kind": "cluster_shift"
}