{
  "mmd": 0.04575365891289601,
  "sliced_wasserstein": 0.45423139369573834,
  "chamfer": 0.3154599941925232,
  "kde_nll": 3.959217280396101,
  "mode_coverage": 1.0,
  "train_time_sec": 0.39668990000063786,
  "sample_time_sec": 0.02801249999902211,
  "sampler": "ddim",
  "sampling_steps": 5
}